{"testvideo.mov_frame0.jpg": {"confidence": [0.8814504742622375], "detection_time": 0.660006046295166}, "testvideo.mov_frame1.jpg": {"confidence": [0.8827955722808838], "detection_time": 0.41846680641174316}, "testvideo.mov_frame2.jpg": {"confidence": [0.9029797911643982], "detection_time": 0.4157569408416748}, "testvideo.mov_frame3.jpg": {"confidence": [0.9052452445030212], "detection_time": 0.41334009170532227}, "testvideo.mov_frame4.jpg": {"confidence": [0.5613041520118713, 0.8287643790245056, 0.8600943088531494], "detection_time": 0.41791296005249023}, "testvideo.mov_frame5.jpg": {"confidence": [0.4915063977241516, 0.8225944638252258, 0.8514888882637024], "detection_time": 0.4370548725128174}, "FPS": 2}